Password: AA1111,,
Password: BB2222,,
Password: SS3333,,
Password: ZZ4444,,
Time elapsed was 82964551ns or 0.082964551s,0.082964551,s
Password: AA1111,,
Password: BB2222,,
Password: SS3333,,
Password: ZZ4444,,
Time elapsed was 73413957ns or 0.073413957s,0.073413957,s
Password: AA1111,,
Password: BB2222,,
Password: SS3333,,
Password: ZZ4444,,
Time elapsed was 84339885ns or 0.084339885s,0.084339885,s
Password: AA1111,,
Password: BB2222,,
Password: SS3333,,
Password: ZZ4444,,
Time elapsed was 71483890ns or 0.071483890s,0.07148389,s
Password: AA1111,,
Password: BB2222,,
Password: SS3333,,
Password: ZZ4444,,
Time elapsed was 72484509ns or 0.072484509s,0.072484509,s
Password: AA1111,,
Password: BB2222,,
Password: SS3333,,
Password: ZZ4444,,
Time elapsed was 72806635ns or 0.072806635s,0.072806635,s
Password: AA1111,,
Password: BB2222,,
Password: SS3333,,
Password: ZZ4444,,
Time elapsed was 70969162ns or 0.070969162s,0.070969162,s
Password: AA1111,,
Password: BB2222,,
Password: SS3333,,
Password: ZZ4444,,
Time elapsed was 89767677ns or 0.089767677s,0.089767677,s
Password: AA1111,,
Password: BB2222,,
Password: SS3333,,
Password: ZZ4444,,
Time elapsed was 74991453ns or 0.074991453s,0.074991453,s
Password: AA1111,,
Password: BB2222,,
Password: SS3333,,
Password: ZZ4444,,
Time elapsed was 71436599ns or 0.071436599s,0.071436599,s
,,
Mean,0.0764658318,s
